[
    {
        "id": "0",
        "name": "Alice C.",
        "initials": "AC",
        "location": "San Diego, CA",
        "pic": "https://via.placeholder.com/150x150",
        "badge": "https://via.placeholder.com/150x150",
        "position": "Software Engineer",
        "bio": "This is a nice user description that we can use as demo content"
    },
    {
        "id": "1",
        "name": "Anna B.",
        "initials": "AB",
        "location": "San Francisco, CA",
        "pic": "https://via.placeholder.com/150x150",
        "badge": "https://via.placeholder.com/150x150",
        "position": "UX Designer",
        "bio": "This is a nice user description that we can use as demo content"
    },
    {
        "id": "2",
        "name": "Joshua S.",
        "initials": "JS",
        "location": "Las Vegas, NV",
        "pic": "https://via.placeholder.com/150x150",
        "badge": "https://via.placeholder.com/150x150",
        "position": "Backend Developer",
        "bio": "This is a nice user description that we can use as demo content"
    },
    {
        "id": "3",
        "name": "Erik K.",
        "initials": "EK",
        "location": "New York, NY",
        "pic": "https://via.placeholder.com/150x150",
        "badge": "https://via.placeholder.com/150x150",
        "position": "Product Manager",
        "bio": "This is a nice user description that we can use as demo content"
    },
    {
        "id": "4",
        "name": "Melany W.",
        "initials": "MW",
        "location": "San Jose, CA",
        "pic": "https://via.placeholder.com/150x150",
        "badge": "https://via.placeholder.com/150x150",
        "position": "Web Developer",
        "bio": "This is a nice user description that we can use as demo content"
    },
    {
        "id": "5",
        "name": "Jimmy H.",
        "initials": "JH",
        "location": "Los Angeles, CA",
        "pic": "https://via.placeholder.com/150x150",
        "badge": "https://via.placeholder.com/150x150",
        "position": "Project Manager",
        "bio": "This is a nice user description that we can use as demo content"
    },
    {
        "id": "6",
        "name": "Tara S.",
        "initials": "TS",
        "location": "New York, NY",
        "pic": "https://via.placeholder.com/150x150",
        "badge": "https://via.placeholder.com/150x150",
        "position": "UI/UX Designer",
        "bio": "This is a nice user description that we can use as demo content"
    },
    {
        "id": "7",
        "name": "Esteban C.",
        "initials": "EC",
        "location": "Miami, FL",
        "pic": "https://via.placeholder.com/150x150",
        "badge": "https://via.placeholder.com/150x150",
        "position": "UI/UX Designer",
        "bio": "This is a nice user description that we can use as demo content"
    },
    {
        "id": "8",
        "name": "Henry G.",
        "initials": "HG",
        "location": "Miami, FL",
        "pic": "https://via.placeholder.com/150x150",
        "badge": "https://via.placeholder.com/150x150",
        "position": "Business Analyst",
        "bio": "This is a nice user description that we can use as demo content"
    },
    {
        "id": "9",
        "name": "Mary L.",
        "initials": "ML",
        "location": "San Diego, CA",
        "pic": "https://via.placeholder.com/150x150",
        "badge": "https://via.placeholder.com/150x150",
        "position": "Project Manager",
        "bio": "This is a nice user description that we can use as demo content"
    },
    {
        "id": "10",
        "name": "Carmen E.",
        "initials": "CE",
        "location": "Madrid, Spain",
        "pic": "https://via.placeholder.com/150x150",
        "badge": "https://via.placeholder.com/150x150",
        "position": "HR Manager",
        "bio": "This is a nice user description that we can use as demo content"
    },
    {
        "id": "11",
        "name": "Jeanne M.",
        "initials": "JM",
        "location": "Paris, France",
        "pic": "https://via.placeholder.com/150x150",
        "badge": "https://via.placeholder.com/150x150",
        "position": "Mobile Developer",
        "bio": "This is a nice user description that we can use as demo content"
    },
    {
        "id": "12",
        "name": "Daniel R.",
        "initials": "DR",
        "location": "Toronto, Canada",
        "pic": "https://via.placeholder.com/150x150",
        "badge": "https://via.placeholder.com/150x150",
        "position": "Web Developer",
        "bio": "This is a nice user description that we can use as demo content"
    },
    {
        "id": "13",
        "name": "Kelly M.",
        "initials": "KM",
        "location": "London, UK",
        "pic": "https://via.placeholder.com/150x150",
        "badge": "https://via.placeholder.com/150x150",
        "position": "Product Manager",
        "bio": "This is a nice user description that we can use as demo content"
    },
    {
        "id": "14",
        "name": "Ryan B.",
        "initials": "RB",
        "location": "London, UK",
        "pic": "https://via.placeholder.com/150x150",
        "badge": "https://via.placeholder.com/150x150",
        "position": "Web Developer",
        "bio": "This is a nice user description that we can use as demo content"
    },
    {
        "id": "15",
        "name": "Hilde V.",
        "initials": "HV",
        "location": "Berlin, Germany",
        "pic": "https://via.placeholder.com/150x150",
        "badge": "https://via.placeholder.com/150x150",
        "position": "Software Engineer",
        "bio": "This is a nice user description that we can use as demo content"
    },
    {
        "id": "16",
        "name": "Jason G.",
        "initials": "JG",
        "location": "Houston, TX",
        "pic": "https://via.placeholder.com/150x150",
        "badge": "https://via.placeholder.com/150x150",
        "position": "Business Analyst",
        "bio": "This is a nice user description that we can use as demo content"
    },
    {
        "id": "17",
        "name": "Greta K.",
        "initials": "GK",
        "location": "Berlin, Germany",
        "pic": "https://via.placeholder.com/150x150",
        "badge": "https://via.placeholder.com/150x150",
        "position": "Sales Manager",
        "bio": "This is a nice user description that we can use as demo content"
    },
    {
        "id": "18",
        "name": "George W.",
        "initials": "GW",
        "location": "Los Angeles, CA",
        "pic": "https://via.placeholder.com/150x150",
        "badge": "https://via.placeholder.com/150x150",
        "position": "Software Engineer",
        "bio": "This is a nice user description that we can use as demo content"
    },
    {
        "id": "19",
        "name": "Elizabeth F.",
        "initials": "EF",
        "location": "London, UK",
        "pic": "https://via.placeholder.com/150x150",
        "badge": "https://via.placeholder.com/150x150",
        "position": "Mobile Developer",
        "bio": "This is a nice user description that we can use as demo content"
    },
    {
        "id": "20",
        "name": "Dwayne H.",
        "initials": "DH",
        "location": "Los Angeles, CA",
        "pic": "https://via.placeholder.com/150x150",
        "badge": "https://via.placeholder.com/150x150",
        "position": "Product Manager",
        "bio": "This is a nice user description that we can use as demo content"
    },
    {
        "id": "21",
        "name": "Irina V.",
        "initials": "IV",
        "location": "San Diego, CA",
        "pic": "https://via.placeholder.com/150x150",
        "badge": "https://via.placeholder.com/150x150",
        "position": "Project Manager",
        "bio": "This is a nice user description that we can use as demo content"
    },
    {
        "id": "22",
        "name": "Sandrine C.",
        "initials": "SC",
        "location": "Lyon, France",
        "pic": "https://via.placeholder.com/150x150",
        "badge": "https://via.placeholder.com/150x150",
        "position": "HR Manager",
        "bio": "This is a nice user description that we can use as demo content"
    },
    {
        "id": "23",
        "name": "Courtney W.",
        "initials": "CW",
        "location": "Melbourne, Australia",
        "pic": "https://via.placeholder.com/150x150",
        "badge": "https://via.placeholder.com/150x150",
        "position": "Web Developer",
        "bio": "This is a nice user description that we can use as demo content"
    },
    {
        "id": "24",
        "name": "Edouard F.",
        "initials": "EF",
        "location": "Paris, France",
        "pic": "https://via.placeholder.com/150x150",
        "badge": "https://via.placeholder.com/150x150",
        "position": "Web Developer",
        "bio": "This is a nice user description that we can use as demo content"
    },
    {
        "id": "25",
        "name": "Hakeem C.",
        "initials": "HC",
        "location": "Berlin, Germany",
        "pic": "https://via.placeholder.com/150x150",
        "badge": "https://via.placeholder.com/150x150",
        "position": "Software Engineer",
        "bio": "This is a nice user description that we can use as demo content"
    },
    {
        "id": "26",
        "name": "Clément D.",
        "initials": "CD",
        "location": "Toulouse, France",
        "pic": "https://via.placeholder.com/150x150",
        "badge": "https://via.placeholder.com/150x150",
        "position": "Software Engineer",
        "bio": "This is a nice user description that we can use as demo content"
    },
    {
        "id": "27",
        "name": "Yasseen A.",
        "initials": "YA",
        "location": "New York, NY",
        "pic": "https://via.placeholder.com/150x150",
        "badge": "https://via.placeholder.com/150x150",
        "position": "Business Analyst",
        "bio": "This is a nice user description that we can use as demo content"
    },
    {
        "id": "28",
        "name": "Jonathan K.",
        "initials": "JK",
        "location": "Los Angeles, CA",
        "pic": "https://via.placeholder.com/150x150",
        "badge": "https://via.placeholder.com/150x150",
        "position": "Product Manager",
        "bio": "This is a nice user description that we can use as demo content"
    },
    {
        "id": "29",
        "name": "Harvey M.",
        "initials": "JK",
        "location": "Los Angeles, CA",
        "pic": "https://via.placeholder.com/150x150",
        "badge": "https://via.placeholder.com/150x150",
        "position": "Web Developer",
        "bio": "This is a nice user description that we can use as demo content"
    },
    {
        "id": "30",
        "name": "Benoit L.",
        "initials": "BL",
        "location": "Paris, France",
        "pic": "https://via.placeholder.com/150x150",
        "badge": "https://via.placeholder.com/150x150",
        "position": "Software Engineer",
        "bio": "This is a nice user description that we can use as demo content"
    },
    {
        "id": "31",
        "name": "Helmut F.",
        "initials": "HF",
        "location": "Paris, France",
        "pic": "https://via.placeholder.com/150x150",
        "badge": "https://via.placeholder.com/150x150",
        "position": "Product Manager",
        "bio": "This is a nice user description that we can use as demo content"
    },
    {
        "id": "32",
        "name": "Christie D.",
        "initials": "CD",
        "location": "Los Angeles, CA",
        "pic": "https://via.placeholder.com/150x150",
        "badge": "https://via.placeholder.com/150x150",
        "position": "Web Developer",
        "bio": "This is a nice user description that we can use as demo content"
    },
    {
        "id": "33",
        "name": "Alejandro B.",
        "initials": "AB",
        "location": "New York, NY",
        "pic": "https://via.placeholder.com/150x150",
        "badge": "https://via.placeholder.com/150x150",
        "position": "Business Analyst",
        "bio": "This is a nice user description that we can use as demo content"
    },
    {
        "id": "34",
        "name": "John D.",
        "initials": "JD",
        "location": "New York, NY",
        "pic": null,
        "badge": "https://via.placeholder.com/150x150",
        "position": "Web Developer",
        "bio": "This is a nice user description that we can use as demo content"
    },
    {
        "id": "35",
        "name": "Sara C.",
        "initials": "SC",
        "location": "Los Angeles, CA",
        "pic": null,
        "badge": "https://via.placeholder.com/150x150",
        "position": "UI/UX Designer",
        "bio": "This is a nice user description that we can use as demo content"
    },
    {
        "id": "36",
        "name": "Betty T.",
        "initials": "BT",
        "location": "San Diego, CA",
        "pic": null,
        "badge": "https://via.placeholder.com/150x150",
        "position": "Product Manager",
        "bio": "This is a nice user description that we can use as demo content"
    },
    {
        "id": "37",
        "name": "Alan T.",
        "initials": "AT",
        "location": "San Francisco, CA",
        "pic": null,
        "badge": "https://via.placeholder.com/150x150",
        "position": "Software Engineer",
        "bio": "This is a nice user description that we can use as demo content"
    }
]